num,seat,key,winner22,winner22_bloc,runner_up22,margin22,majority22,valid22,electorate22,turnout22,bn22,ph22,pn22,muda22,malay,chinese,indian,urban_rural,report,rules,match,actual2026
N01,Buloh Kasap,BULOHKASAP,BN-UMNO,BN,PH,34.19613329941491,5377.0,15724.0,28481.0,57.07,56.95751717120326,22.76138387178835,19.072755024166877,0.0,56.93,31.55,10.94,SEMI URBAN,SAFE_BN,SAFE_BN,True,BN
N02,Jementah,JEMENTAH,PH-DAP,PH,BN,3.291232598875265,714.0,21694.0,41221.0,53.73,37.62791555268738,40.919148151562645,21.45293629574998,0.0,40.8,50.45,7.98,SEMI URBAN,TOSSUP,TOSSUP,True,BN
N03,Pemanis,PEMANIS,BN-UMNO,BN,PH,24.285134272954004,4187.0,17241.0,29923.0,58.95,50.333507337161414,26.048373064207414,22.185488080737777,0.0,63.58,33.41,2.36,SEMI URBAN,SAFE_BN,SAFE_BN,True,BN
N04,Kemelah,KEMELAH,BN-MIC,BN,PH,8.813874603348287,1611.0,18278.0,33702.0,55.69,41.13141481562534,32.31754021227705,25.380238538133273,0.0,54.28,39.46,5.43,SEMI URBAN,LIKELY_BN,LIKELY_BN,True,BN
N05,Tenang,TENANG,BN-UMNO,BN,MUDA,14.494447691408533,1736.0,11977.0,22613.0,54.47,44.91942890540202,0.0,22.785338565584038,30.424981213993487,49.17,37.94,11.17,RURAL,SAFE_BN,SAFE_BN,True,BN
N06,Bekok,BEKOK,BN-MCA,BN,PH,26.024500510427302,3569.0,13714.0,27426.0,51.31,51.30523552574012,25.280735015312818,21.007729327694328,0.0,30.26,48.75,18.39,SEMI URBAN,LIKELY_BN,LIKELY_BN,True,BN
N07,Bukit Kepong,BUKITKEPONG,PN-PPBM,PN,BN,3.1834282383535846,710.0,22303.0,37495.0,61.01,41.08415908173788,0.0,44.267587320091465,13.791866565036093,70.32,26.08,2.73,RURAL,LEAN_BN_GAIN,LEAN_BN_GAIN,True,BN
N08,Bukit Pasir,BUKITPASIR,BN-UMNO,BN,PN,1.051122790253225,198.0,18837.0,32213.0,59.85,32.10702341137124,24.82348569305091,31.055900621118013,0.0,62.31,33.1,4.15,SEMI URBAN,LIKELY_BN,LIKELY_BN,True,BN
N09,Gambir,GAMBIR,BN-UMNO,BN,PN,17.97406158944181,3146.0,17503.0,29434.0,61.33,45.477918071187794,25.761298063189166,27.503856481745988,0.0,59.39,36.51,3.75,SEMI URBAN,SAFE_BN,SAFE_BN,True,BN
N10,Tangkak,TANGKAK,PH-DAP,PH,BN,1.875,372.0,19840.0,35554.0,56.95,38.97681451612903,40.85181451612903,15.584677419354838,0.0,40.63,48.02,9.95,SEMI URBAN,TOSSUP,TOSSUP,True,BN
N11,Serom,SEROM,BN-UMNO,BN,PN,3.1549016067882287,699.0,22156.0,39018.0,58.05,38.395919841126556,24.864596497562736,35.24101823433833,0.0,67.12,31.59,0.94,SEMI URBAN,LIKELY_BN,LIKELY_BN,True,BN
N12,Bentayan,BENTAYAN,PH-DAP,PH,BN,43.96612561750177,7476.0,17004.0,34728.0,49.91,20.565749235474005,64.53187485297578,14.902375911550223,0.0,26.5,70.67,2.3,URBAN,SAFE_PH,SAFE_PH,True,PH
N13,Simpang Jeram,SIMPANGJERAM,PH-PAN,PH,PN,11.226543123215874,2399.0,21369.0,40014.0,54.72,28.368196920773084,40.94248677991483,29.715943656698958,0.0,52.66,44.21,2.5,URBAN,LEAN_BN_GAIN,LIKELY_PH,False,PH
N14,Bukit Naning,BUKITNANING,BN-UMNO,BN,PN,10.76739618406285,1535.0,14256.0,22594.0,64.4,38.13832772166106,23.26739618406285,27.370931537598203,0.0,63.32,35.11,0.97,SEMI URBAN,LIKELY_BN,LIKELY_BN,True,BN
N15,Maharani,MAHARANI,PN-PAS,PN,PH,4.934335744194899,1037.0,21016.0,38596.0,55.76,27.888275599543206,31.033498287019412,35.967834031214316,0.0,61.61,35.53,2.16,URBAN,LEAN_BN_GAIN,LEAN_BN_GAIN,True,BN
N16,Sungai Balang,SUNGAIBALANG,BN-UMNO,BN,PN,12.598901098901099,2293.0,18200.0,30121.0,61.83,45.57142857142857,19.64835164835165,32.972527472527474,0.0,73.63,25.78,0.14,RURAL,SAFE_BN,LIKELY_BN,False,BN
N17,Semerah,SEMERAH,BN-UMNO,BN,PN,14.47556956584038,4041.0,27916.0,46640.0,61.36,44.92764006304628,22.442326980942827,30.452070497205902,0.0,74.29,24.85,0.49,RURAL,SAFE_BN,SAFE_BN,True,BN
N18,Sri Medan,SRIMEDAN,BN-UMNO,BN,PN,28.843324751746966,6274.0,21752.0,32696.0,68.02,60.52317028319235,7.066016917984554,31.679845531445384,0.0,90.6,8.57,0.29,RURAL,SAFE_BN,SAFE_BN,True,BN
N19,Yong Peng,YONGPENG,BN-MCA,BN,PH,14.673447537473233,2741.0,18680.0,33053.0,57.53,52.8372591006424,38.16381156316916,8.998929336188437,0.0,35.08,57.65,6.8,SEMI URBAN,LIKELY_BN,LIKELY_BN,True,BN
N20,Semarang,SEMARANG,BN-UMNO,BN,PN,32.55192382649368,5846.0,17959.0,27734.0,66.75,61.929951556322735,7.411325797650203,29.378027729829054,0.0,86.23,12.62,0.68,RURAL,SAFE_BN,SAFE_BN,True,BN
N21,Parit Yaani,PARITYAANI,BN-UMNO,BN,PH,1.25,294.0,23520.0,41851.0,57.59,38.56292517006803,37.31292517006803,23.107993197278912,0.0,55.79,42.83,0.85,SEMI URBAN,LIKELY_BN,LIKELY_BN,True,BN
N22,Parit Raja,PARITRAJA,BN-UMNO,BN,PN,19.66716390080179,4219.0,21452.0,36059.0,60.89,49.571135558456085,0.0,29.9039716576543,18.147492075330973,74.32,23.47,1.72,SEMI URBAN,SAFE_BN,SAFE_BN,True,BN
N23,Penggaram,PENGGARAM,PH-DAP,PH,BN,29.3462241348818,9956.0,33926.0,69092.0,50.69,24.323527677887167,53.669751812768965,15.551494429051465,0.0,36.66,60.58,2.12,URBAN,SAFE_PH,SAFE_PH,True,PH
N24,Senggarang,SENGGARANG,BN-UMNO,BN,PH,18.147237556246232,3912.0,21557.0,37374.0,59.24,45.11295634828594,26.96571879203971,26.088973419306953,0.0,63.16,35.58,0.58,SEMI URBAN,SAFE_BN,SAFE_BN,True,BN
N25,Rengit,RENGIT,BN-UMNO,BN,PN,11.883394194466794,1920.0,16157.0,27123.0,61.2,48.91378349941202,12.780838026861423,37.030389304945224,0.0,81.96,17.03,0.21,RURAL,LIKELY_BN,LIKELY_BN,True,BN
N26,Machap,MACHAP,BN-UMNO,BN,PN,33.60036974272069,6543.0,19473.0,33764.0,59.29,56.63739536794536,0.0,23.03702562522467,17.937657269039182,66.43,28.06,4.86,SEMI URBAN,SAFE_BN,SAFE_BN,True,BN
N27,Layang-Layang,LAYANGLAYANG,BN-UMNO,BN,PH,20.504042537693934,2815.0,13729.0,25147.0,56.39,55.00036419258504,34.496321654891105,9.308762473596037,0.0,56.68,29.8,12.51,RURAL,SAFE_BN,SAFE_BN,True,BN
N28,Mengkibol,MENGKIBOL,PH-DAP,PH,BN,30.049056042812545,10107.0,33635.0,66362.0,51.92,28.856845547792478,58.905901590605026,12.237252861602498,0.0,28.87,57.79,12.69,URBAN,SAFE_PH,SAFE_PH,True,PH
N29,Mahkota,MAHKOTA,BN-UMNO,BN,PH,14.26086956521739,5166.0,36225.0,65074.0,57.34,45.85507246376812,31.594202898550726,21.018633540372672,0.0,55.9,34.43,7.35,URBAN,LIKELY_BN,LIKELY_BN,True,BN
N30,Paloh,PALOH,BN-MCA,BN,PH,21.648149410401473,3176.0,14671.0,25831.0,58.75,55.054188535205505,33.40603912480403,10.306045940971986,0.0,47.59,35.82,15.16,RURAL,LIKELY_BN,LIKELY_BN,True,BN
N31,Kahang,KAHANG,BN-MIC,BN,PN,40.040650406504064,6698.0,16728.0,29343.0,58.92,62.68531802965089,13.038020086083213,22.64466762314682,0.0,74.33,21.06,2.69,SEMI URBAN,SAFE_BN,SAFE_BN,True,BN
N32,Endau,ENDAU,PN-PPBM,PN,BN,20.00526281165713,3041.0,15201.0,27924.0,55.41,35.47135056904151,7.591605815406881,55.47661338069864,0.0,81.31,13.98,0.95,SEMI URBAN,LEAN_BN_GAIN,LEAN_BN_GAIN,True,BN
N33,Tenggaroh,TENGGAROH,BN-MIC,BN,PN,6.324036936852906,1356.0,21442.0,38408.0,57.23,49.09989739763082,7.130864658147561,42.77586046077791,0.0,83.18,13.67,1.41,RURAL,LEAN_BN,LEAN_BN,True,BN
N34,Panti,PANTI,BN-UMNO,BN,PN,26.618770461986177,5854.0,21992.0,38408.0,58.41,57.289014186977084,10.52200800291015,30.670243724990907,0.0,78.47,14.53,5.52,SEMI URBAN,SAFE_BN,SAFE_BN,True,BN
N35,Pasir Raja,PASIRRAJA,BN-UMNO,BN,PN,30.331988830282345,4888.0,16115.0,28045.0,58.81,58.21284517530251,12.261867825007757,27.880856345020167,0.0,69.72,18.98,8.15,RURAL,SAFE_BN,SAFE_BN,True,BN
N36,Sedili,SEDILI,BN-UMNO,BN,PN,29.903638565636353,5679.0,18991.0,28659.0,67.61,63.519561897741035,1.7534621662892949,33.61592333210468,0.0,97.15,1.59,0.68,RURAL,SAFE_BN,SAFE_BN,True,BN
N37,Johor Lama,JOHORLAMA,BN-UMNO,BN,PN,30.047765946860384,6039.0,20098.0,32658.0,62.6,60.55826450393074,7.597770922479849,30.510498557070356,0.0,83.31,13.55,2.46,RURAL,SAFE_BN,SAFE_BN,True,BN
N38,Penawar,PENAWAR,BN-UMNO,BN,PN,40.508447131213906,7505.0,18527.0,29933.0,63.13,66.97792411075727,3.740486857019485,26.46947697954337,0.0,98.45,0.35,0.58,RURAL,SAFE_BN,SAFE_BN,True,BN
N39,Tanjung Surat,TANJUNGSURAT,BN-UMNO,BN,PN,40.13734956143333,5903.0,14707.0,25132.0,59.88,66.97490990684707,5.439586591419052,26.83756034541375,0.0,80.92,17.48,0.64,RURAL,SAFE_BN,SAFE_BN,True,BN
N40,Tiram,TIRAM,BN-UMNO,BN,PN,9.360653703670879,5281.0,56417.0,105707.0,54.81,40.659730223159684,22.24506797596469,31.299076519488807,0.0,59.39,25.49,11.6,URBAN,LEAN_BN,LIKELY_BN,False,BN
N41,Puteri Wangsa,PUTERIWANGSA,MUDA,MUDA,BN,13.435823827151166,7114.0,52948.0,112804.0,47.93,29.78393895897862,0.0,16.916597416333005,43.219762786129785,37.32,51.23,9.97,URBAN,TOSSUP,TOSSUP,True,PH
N42,Johor Jaya,JOHORJAYA,PH-DAP,PH,BN,4.05510897314176,1922.0,47397.0,91882.0,53.22,37.681709812857356,41.73681878599911,17.526425723147035,0.0,42.5,46.15,7.55,URBAN,LEAN_PH,LEAN_PH,True,BN
N43,Permas,PERMAS,BN-UMNO,BN,PN,14.146750673782284,7926.0,56027.0,103598.0,55.66,41.92978385421315,25.917861031288485,27.783033180430863,0.0,55.54,27.33,11.78,URBAN,LIKELY_BN,LIKELY_BN,True,BN
N44,Larkin,LARKIN,BN-UMNO,BN,PN,16.074727447766243,6178.0,38433.0,76004.0,51.75,41.76879244399344,16.777248718549163,25.6940649962272,12.87435276975516,64.53,27.94,6.17,URBAN,SAFE_BN,SAFE_BN,True,BN
N45,Stulang,STULANG,PH-DAP,PH,BN,10.281983210160005,2866.0,27874.0,60577.0,47.03,34.55908732151826,44.84107053167827,13.593312764583484,0.0,40.09,53.49,4.68,URBAN,LIKELY_PH,LIKELY_PH,True,PH
N46,Perling,PERLING,PH-DAP,PH,BN,7.831438064485938,3347.0,42738.0,101263.0,43.28,35.75506574945014,43.586503813936076,20.658430436613788,0.0,39.55,45.92,12.59,URBAN,LEAN_PH,LEAN_PH,True,BN
N47,Kempas,KEMPAS,BN-UMNO,BN,PH,11.47353642211121,3514.0,30627.0,62011.0,50.4,38.91664217846998,27.44310575635877,26.238286479250334,0.0,57.13,30.84,10.36,URBAN,LIKELY_BN,LIKELY_BN,True,BN
N48,Skudai,SKUDAI,PH-DAP,PH,BN,30.961739169053804,13943.0,45033.0,102828.0,44.87,27.570892456642905,58.53263162569671,13.896475917660382,0.0,23.02,61.7,13.55,URBAN,SAFE_PH,SAFE_PH,True,PH
N49,Kota Iskandar,KOTAISKANDAR,BN-UMNO,BN,PH,7.687696159678386,4360.0,56714.0,116415.0,50.26,40.788870472899106,33.101174313220724,22.045703001022677,0.0,50.15,34.42,13.9,URBAN,LIKELY_BN,LIKELY_BN,True,BN
N50,Bukit Permai,BUKITPERMAI,BN-UMNO,BN,MUDA,21.118315864274294,4755.0,22516.0,39611.0,58.29,48.361165393497956,0.0,22.686089891632616,27.242849529223662,54.04,31.91,12.98,SEMI URBAN,SAFE_BN,SAFE_BN,True,BN
N51,Bukit Batu,BUKITBATU,PH-PKR,PH,BN,0.5689605050043607,137.0,24079.0,46237.0,53.68,38.63117239088002,39.20013289588438,16.56630258731675,0.0,37.22,53.73,8.14,SEMI URBAN,LEAN_BN_GAIN,LEAN_BN_GAIN,True,BN
N52,Senai,SENAI,PH-DAP,PH,BN,18.543108577871035,5921.0,31931.0,63717.0,51.13,33.20910713726472,51.75221571513576,15.038677147599511,0.0,29.11,56.94,12.38,URBAN,LIKELY_PH,LIKELY_PH,True,PH
N53,Benut,BENUT,BN-UMNO,BN,PN,33.9219546086151,5859.0,17272.0,28165.0,62.77,63.084761463640575,6.947660954145437,29.162806855025476,0.0,82.22,16.96,0.15,RURAL,SAFE_BN,SAFE_BN,True,BN
N54,Pulai Sebatang,PULAISEBATANG,BN-UMNO,BN,PH,25.38427579564153,6325.0,24917.0,46991.0,54.51,50.05819320142874,24.673917405787215,23.94750571898704,0.0,62.9,34.8,1.42,SEMI URBAN,SAFE_BN,SAFE_BN,True,BN
N55,Pekan Nanas,PEKANNANAS,BN-MCA,BN,PH,22.601907255048616,4835.0,21392.0,35865.0,60.88,51.53328347045625,28.931376215407628,12.81320119670905,0.0,55.78,42.42,1.05,SEMI URBAN,LIKELY_BN,LIKELY_BN,True,BN
N56,Kukup,KUKUP,BN-UMNO,BN,PN,42.53189503163572,8201.0,19282.0,34624.0,57.24,60.36718182761124,16.989938803028732,17.83528679597552,0.0,60.55,37.75,0.9,RURAL,SAFE_BN,SAFE_BN,True,BN
