UNIQUE CODE,STATE,PARLIAMENTARY CONSTITUENCY CODE,PARLIAMENTARY CONSTITUENCY NAME,STATE CONSTITUENCY CODE,STATE CONSTITUENCY NAME,TOTAL ELECTORS,MALAY (%),CHINESE (%),INDIAN (%),BUMIPUTERA SABAH (%),BUMIPUTERA SARAWAK (%),ORANG ASLI (%),OTHERS (%),MUSLIM BUMIPUTERA (%),NON-MUSLIM BUMIPUTERA (%),ELECTORS - ORDINARY VOTERS (%),ELECTORS - ABSENT VOTERS (%),ELECTORS - POLICE (%),ELECTORS - MILITARY (%),21-29 (%),30-39 (%),40-49 (%),50-59 (%),60-69 (%),70-79 (%),80-89 (%),90 AND ABOVE (%),MALE ELECTORS (%),FEMALE ELECTORS (%),URBAN-RURAL CLASSIFICATION (2018),RACIAL COMPOSITION
P. 140_N. 01,JOHOR,P. 140,SEGAMAT,N. 01,BULOH KASAP,21484,56.37,30.25,12.87,0.03,0.05,0.2,0.23,,,99.92,0.01,0.07,0.0,17.6,24.4,17.6,19.0,14.1,5.0,1.8,0.5,49.6,50.4,SEMI URBAN,Malay (50-59%)
P. 140_N. 02,JOHOR,P. 140,SEGAMAT,N. 02,JEMENTAH,33866,39.73,50.71,8.32,0.47,0.5,0.04,0.23,,,93.24,0.02,3.53,3.2,16.6,20.6,17.3,20.1,14.8,7.3,2.9,0.5,50.7,49.3,SEMI URBAN,Chinese-majority (>50%)
P. 141_N. 03,JOHOR,P. 141,SEKIJANG,N. 03,PEMANIS,22314,63.27,33.41,2.79,0.02,0.06,0.01,0.44,,,99.96,0.03,0.01,0.0,15.1,24.0,19.0,17.8,15.7,6.1,2.1,0.3,49.0,51.0,SEMI URBAN,Malay (60-69%)
P. 141_N. 04,JOHOR,P. 141,SEKIJANG,N. 04,KEMELAH,23282,55.38,38.78,5.17,0.03,0.03,0.34,0.27,,,99.96,0.02,0.02,0.0,17.6,25.9,19.3,16.4,12.9,6.2,1.6,0.2,49.1,50.9,SEMI URBAN,Malay (50-59%)
P. 142_N. 05,JOHOR,P. 142,LABIS,N. 05,TENANG,18398,49.61,37.68,10.81,0.06,0.04,1.62,0.18,,,99.94,0.02,0.04,0.0,15.6,22.4,20.5,18.1,13.1,7.3,2.6,0.4,49.6,50.4,RURAL,Mixed (no race >50%)
P. 142_N. 06,JOHOR,P. 142,LABIS,N. 06,BEKOK,21958,28.24,51.02,17.93,0.07,0.05,2.4,0.29,,,99.71,0.02,0.26,0.0,14.7,20.7,19.3,19.6,15.0,7.5,2.5,0.7,50.3,49.7,SEMI URBAN,Chinese-majority (>50%)
P. 143_N. 07,JOHOR,P. 143,PAGOH,N. 07,BUKIT KEPONG,28992,69.17,26.9,3.12,0.02,0.03,0.61,0.14,,,99.72,0.01,0.27,0.0,15.2,22.9,17.8,20.1,13.5,6.7,3.3,0.5,49.5,50.5,RURAL,Malay (60-69%)
P. 143_N. 08,JOHOR,P. 143,PAGOH,N. 08,BUKIT PASIR,22520,61.83,33.43,4.48,0.06,0.05,0.0,0.15,,,99.88,0.0,0.12,0.0,16.4,23.3,20.1,18.2,12.1,6.3,3.1,0.5,48.5,51.5,SEMI URBAN,Malay (60-69%)
P. 144_N. 09,JOHOR,P. 144,LEDANG,N. 09,GAMBIR,22726,59.45,36.6,3.73,0.05,0.03,0.0,0.14,,,99.85,0.01,0.13,0.0,17.3,21.5,20.4,18.6,12.1,6.9,2.9,0.5,48.8,51.2,SEMI URBAN,Malay (50-59%)
P. 144_N. 10,JOHOR,P. 144,LEDANG,N. 10,TANGKAK,26354,39.97,49.28,9.31,0.08,0.03,1.05,0.28,,,98.65,0.05,1.3,0.0,16.8,22.5,19.5,18.4,13.1,7.0,2.3,0.4,49.5,50.5,SEMI URBAN,Mixed (no race >50%)
P. 144_N. 11,JOHOR,P. 144,LEDANG,N. 11,SEROM,28394,67.46,31.47,0.85,0.04,0.05,0.0,0.13,,,99.89,0.02,0.09,0.0,17.5,22.3,19.1,18.5,12.8,6.6,2.8,0.5,48.4,51.6,SEMI URBAN,Malay (60-69%)
P. 145_N. 12,JOHOR,P. 145,BAKRI,N. 12,BENTAYAN,27856,23.55,73.8,2.26,0.06,0.03,0.0,0.29,,,99.98,0.01,0.0,0.0,11.1,18.8,18.6,21.0,16.8,9.4,3.5,0.8,48.5,51.5,URBAN,Chinese-majority (>50%)
P. 145_N. 13,JOHOR,P. 145,BAKRI,N. 13,SIMPANG JERAM,28193,53.42,43.32,2.75,0.05,0.06,0.0,0.4,,,99.98,0.02,0.0,0.0,19.1,24.8,20.0,16.7,11.9,5.5,1.8,0.2,48.1,51.9,URBAN,Malay (50-59%)
P. 145_N. 14,JOHOR,P. 145,BAKRI,N. 14,BUKIT NANING,17834,61.99,36.42,1.05,0.15,0.16,0.01,0.22,,,93.28,0.03,6.69,0.0,15.1,23.0,21.6,20.1,11.4,6.1,2.4,0.3,50.8,49.2,SEMI URBAN,Malay (60-69%)
P. 146_N. 15,JOHOR,P. 146,MUAR,N. 15,MAHARANI,27900,60.97,36.13,2.27,0.11,0.1,0.01,0.42,,,97.72,0.04,2.24,0.0,17.0,23.1,18.5,17.9,13.1,6.8,2.9,0.7,48.8,51.2,URBAN,Malay (60-69%)
P. 146_N. 16,JOHOR,P. 146,MUAR,N. 16,SUNGAI BALANG,22943,73.71,25.81,0.18,0.03,0.04,0.02,0.2,,,99.91,0.01,0.08,0.0,16.7,23.3,18.9,18.0,12.4,6.9,3.3,0.6,48.8,51.2,RURAL,Malay (70-79%)
P. 147_N. 17,JOHOR,P. 147,PARIT SULONG,N. 17,SEMERAH,35557,70.54,28.55,0.59,0.04,0.05,0.01,0.21,,,99.96,0.0,0.03,0.0,13.5,19.4,19.4,20.9,15.0,8.0,3.2,0.7,48.5,51.5,RURAL,Malay (70-79%)
P. 147_N. 18,JOHOR,P. 147,PARIT SULONG,N. 18,SRI MEDAN,24052,90.28,9.0,0.32,0.02,0.05,0.07,0.26,,,99.85,0.02,0.12,0.0,16.0,22.8,20.9,19.2,11.7,6.3,2.7,0.4,48.7,51.3,RURAL,Malay (90+%)
P. 148_N. 19,JOHOR,P. 148,AYER HITAM,N. 19,YONG PENG,24903,33.32,59.58,6.75,0.03,0.04,0.01,0.28,,,99.75,0.02,0.23,0.0,16.3,22.7,20.3,18.7,12.8,6.6,2.2,0.4,50.0,50.0,SEMI URBAN,Chinese-majority (>50%)
P. 148_N. 20,JOHOR,P. 148,AYER HITAM,N. 20,SEMARANG,21254,86.23,12.65,0.8,0.02,0.04,0.0,0.25,,,99.92,0.01,0.07,0.0,17.7,23.8,20.6,18.3,11.2,5.8,2.3,0.4,49.1,50.9,RURAL,Malay (80-89%)
P. 149_N. 21,JOHOR,P. 149,SRI GADING,N. 21,PARIT YAANI,26635,57.51,41.2,0.88,0.09,0.03,0.02,0.28,,,99.93,0.02,0.05,0.0,18.7,24.0,20.8,18.4,10.9,4.9,2.0,0.3,48.4,51.6,SEMI URBAN,Malay (50-59%)
P. 149_N. 22,JOHOR,P. 149,SRI GADING,N. 22,PARIT RAJA,25484,72.83,24.77,2.06,0.05,0.05,0.0,0.24,,,99.62,0.02,0.1,0.27,16.6,21.2,20.8,20.2,12.1,6.3,2.4,0.5,48.6,51.4,SEMI URBAN,Malay (70-79%)
P. 150_N. 23,JOHOR,P. 150,BATU PAHAT,N. 23,PENGGARAM,49750,37.34,59.95,2.16,0.09,0.08,0.01,0.36,,,98.87,0.05,1.08,0.0,16.3,23.0,18.8,18.6,13.7,6.9,2.3,0.4,48.3,51.7,URBAN,Chinese-majority (>50%)
P. 150_N. 24,JOHOR,P. 150,BATU PAHAT,N. 24,SENGGARANG,27587,64.36,34.56,0.54,0.04,0.04,0.11,0.36,,,97.21,0.02,0.07,2.7,17.6,22.7,19.8,18.4,11.7,6.6,2.7,0.5,50.4,49.6,SEMI URBAN,Malay (60-69%)
P. 150_N. 25,JOHOR,P. 150,BATU PAHAT,N. 25,RENGIT,21206,82.59,16.48,0.24,0.05,0.02,0.31,0.31,,,99.89,0.04,0.07,0.0,18.3,22.8,18.1,17.2,12.6,7.4,2.9,0.7,48.8,51.2,RURAL,Malay (80-89%)
P. 151_N. 26,JOHOR,P. 151,SIMPANG RENGGAM,N. 26,MACHAP,24156,64.73,29.75,4.92,0.05,0.06,0.01,0.48,,,99.87,0.02,0.12,0.0,17.8,23.1,20.5,18.7,11.3,6.2,2.2,0.3,49.3,50.7,SEMI URBAN,Malay (60-69%)
P. 151_N. 27,JOHOR,P. 151,SIMPANG RENGGAM,N. 27,LAYANG-LAYANG,19842,53.37,32.08,13.62,0.22,0.15,0.02,0.55,,,95.54,0.02,4.44,0.0,15.6,22.6,19.3,19.3,13.2,7.2,2.1,0.7,50.8,49.2,RURAL,Malay (50-59%)
P. 152_N. 28,JOHOR,P. 152,KLUANG,N. 28,MENGKIBOL,48365,26.04,61.37,12.18,0.05,0.05,0.01,0.29,,,99.94,0.04,0.03,0.0,14.8,20.9,19.5,19.3,15.3,7.3,2.2,0.5,49.3,50.7,URBAN,Chinese-majority (>50%)
P. 152_N. 29,JOHOR,P. 152,KLUANG,N. 29,MAHKOTA,48550,57.15,33.66,6.6,0.55,1.33,0.07,0.64,,,87.16,0.04,0.93,11.87,19.6,27.0,18.6,16.6,11.4,5.1,1.5,0.3,50.7,49.3,URBAN,Malay (50-59%)
P. 153_N. 30,JOHOR,P. 153,SEMBRONG,N. 30,PALOH,21399,46.41,37.14,14.97,0.03,0.03,1.0,0.43,,,99.82,0.0,0.18,0.0,14.6,23.6,19.2,18.6,14.3,6.8,2.3,0.5,50.5,49.5,RURAL,Mixed (no race >50%)
P. 153_N. 31,JOHOR,P. 153,SEMBRONG,N. 31,KAHANG,22738,73.64,21.63,2.73,0.05,0.06,1.61,0.29,,,99.93,0.01,0.06,0.0,18.4,29.9,15.3,16.8,14.3,4.2,1.0,0.2,49.7,50.3,SEMI URBAN,Malay (70-79%)
P. 154_N. 32,JOHOR,P. 154,MERSING,N. 32,ENDAU,19538,81.62,13.19,0.7,0.11,0.04,4.02,0.32,,,99.84,0.04,0.12,0.0,16.9,22.8,19.6,19.4,12.7,6.2,2.0,0.5,49.0,51.0,SEMI URBAN,Malay (80-89%)
P. 154_N. 33,JOHOR,P. 154,MERSING,N. 33,TENGGAROH,28638,81.33,15.03,1.63,0.67,0.98,0.09,0.26,,,92.06,0.01,1.06,6.87,17.8,32.4,13.2,15.8,15.3,4.1,1.0,0.3,50.2,49.8,RURAL,Malay (80-89%)
P. 155_N. 34,JOHOR,P. 155,TENGGARA,N. 34,PANTI,25751,78.43,14.27,5.65,0.05,0.1,0.92,0.59,,,99.74,0.02,0.25,0.0,18.1,27.7,21.6,14.5,12.3,4.9,0.7,0.1,48.7,51.3,SEMI URBAN,Malay (70-79%)
P. 155_N. 35,JOHOR,P. 155,TENGGARA,N. 35,PASIR RAJA,18998,69.6,18.65,7.84,0.88,2.53,0.07,0.43,,,90.19,0.02,0.09,9.7,17.3,25.0,21.4,19.2,9.2,5.1,2.5,0.4,50.1,49.9,RURAL,Malay (60-69%)
P. 156_N. 36,JOHOR,P. 156,KOTA TINGGI,N. 36,SEDILI,21456,96.57,2.06,0.84,0.03,0.07,0.14,0.27,,,99.91,0.0,0.09,0.0,17.1,29.5,18.3,13.6,15.1,5.5,0.8,0.2,49.7,50.3,RURAL,Malay (90+%)
P. 156_N. 37,JOHOR,P. 156,KOTA TINGGI,N. 37,JOHOR LAMA,25221,81.37,15.4,2.71,0.08,0.11,0.02,0.31,,,98.68,0.01,1.31,0.0,14.2,26.6,19.4,16.2,14.6,6.9,1.6,0.4,49.9,50.1,RURAL,Malay (80-89%)
P. 157_N. 38,JOHOR,P. 157,PENGERANG,N. 38,PENAWAR,21490,98.36,0.28,0.74,0.06,0.05,0.36,0.15,,,99.88,0.01,0.1,0.0,12.8,28.5,24.6,10.7,13.9,8.7,0.7,0.1,48.5,51.5,RURAL,Malay (90+%)
P. 157_N. 39,JOHOR,P. 157,PENGERANG,N. 39,TANJUNG SURAT,18989,79.71,18.59,0.8,0.3,0.34,0.05,0.22,,,94.42,0.01,0.26,5.31,13.8,28.9,18.5,13.7,16.6,6.2,1.6,0.7,51.3,48.7,RURAL,Malay (70-79%)
P. 158_N. 40,JOHOR,P. 158,TEBRAU,N. 40,TIRAM,60686,56.02,28.48,12.74,0.35,0.99,0.16,1.26,,,99.92,0.01,0.07,0.0,19.0,23.4,25.6,18.9,8.7,3.1,1.0,0.3,50.4,49.6,URBAN,Malay (50-59%)
P. 158_N. 41,JOHOR,P. 158,TEBRAU,N. 41,PUTERI WANGSA,62347,38.6,49.95,10.38,0.2,0.36,0.0,0.51,,,99.69,0.02,0.29,0.0,19.5,24.8,25.6,17.7,8.6,3.0,0.8,0.1,50.0,50.0,URBAN,Mixed (no race >50%)
P. 159_N. 42,JOHOR,P. 159,PASIR GUDANG,N. 42,JOHOR JAYA,61079,42.29,47.28,7.33,1.25,0.95,0.02,0.87,,,96.65,0.03,1.24,2.08,17.5,23.3,23.7,20.8,10.4,3.4,0.8,0.1,50.5,49.5,URBAN,Mixed (no race >50%)
P. 159_N. 43,JOHOR,P. 159,PASIR GUDANG,N. 43,PERMAS,63093,55.28,27.11,13.46,1.43,1.85,0.13,0.75,,,99.8,0.02,0.16,0.01,18.5,24.3,24.9,20.0,9.4,2.3,0.6,0.1,50.3,49.7,URBAN,Malay (50-59%)
P. 160_N. 44,JOHOR,P. 160,JOHOR BAHRU,N. 44,LARKIN,55858,63.43,29.91,5.66,0.14,0.18,0.01,0.67,,,99.84,0.04,0.12,0.0,12.0,20.2,19.6,20.8,16.7,7.7,2.4,0.6,48.8,51.2,URBAN,Malay (60-69%)
P. 160_N. 45,JOHOR,P. 160,JOHOR BAHRU,N. 45,STULANG,45551,39.4,54.8,4.53,0.22,0.32,0.03,0.7,,,96.7,0.05,3.25,0.0,9.8,19.1,19.6,21.4,18.3,8.6,2.7,0.7,49.9,50.1,URBAN,Chinese-majority (>50%)
P. 161_N. 46,JOHOR,P. 161,PULAI,N. 46,PERLING,62895,43.87,43.44,11.0,0.33,0.37,0.28,0.71,,,97.21,0.04,2.75,0.0,14.7,23.6,23.8,18.0,12.2,5.3,1.7,0.7,51.0,49.0,URBAN,Mixed (no race >50%)
P. 161_N. 47,JOHOR,P. 161,PULAI,N. 47,KEMPAS,43373,56.59,33.05,9.22,0.24,0.36,0.0,0.53,,,99.85,0.03,0.12,0.0,15.2,22.6,21.9,20.6,13.0,5.2,1.3,0.2,48.9,51.1,URBAN,Malay (50-59%)
P. 162_N. 48,JOHOR,P. 162,ISKANDAR PUTERI,N. 48,SKUDAI,70928,22.59,64.32,12.23,0.19,0.35,0.01,0.31,,,99.03,0.02,0.95,0.0,14.1,22.0,22.5,22.1,13.5,4.5,1.0,0.2,49.7,50.3,URBAN,Chinese-majority (>50%)
P. 162_N. 49,JOHOR,P. 162,ISKANDAR PUTERI,N. 49,KOTA ISKANDAR,67371,51.46,34.5,12.69,0.22,0.29,0.44,0.41,,,99.61,0.02,0.37,0.0,20.8,25.3,23.5,18.2,8.4,2.9,0.8,0.2,49.5,50.5,URBAN,Malay (50-59%)
P. 163_N. 50,JOHOR,P. 163,KULAI,N. 50,BUKIT PERMAI,24275,53.15,33.99,12.17,0.11,0.13,0.01,0.44,,,99.97,0.03,0.0,0.0,17.0,24.5,24.3,17.5,10.5,4.4,1.5,0.3,49.4,50.6,SEMI URBAN,Malay (50-59%)
P. 163_N. 51,JOHOR,P. 163,KULAI,N. 51,BUKIT BATU,30216,34.21,57.99,7.19,0.09,0.14,0.02,0.36,,,99.81,0.02,0.17,0.0,17.6,22.6,23.9,18.2,10.5,5.4,1.5,0.3,50.2,49.8,SEMI URBAN,Chinese-majority (>50%)
P. 163_N. 52,JOHOR,P. 163,KULAI,N. 52,SENAI,44656,25.57,62.27,11.27,0.33,0.24,0.01,0.3,,,98.44,0.02,1.41,0.13,13.7,20.3,23.0,20.6,13.6,6.5,1.9,0.4,50.2,49.8,URBAN,Chinese-majority (>50%)
P. 164_N. 53,JOHOR,P. 164,PONTIAN,N. 53,BENUT,20894,81.63,17.63,0.17,0.03,0.02,0.13,0.39,,,99.92,0.02,0.06,0.0,15.1,23.1,20.3,17.8,12.2,7.9,2.9,0.6,49.2,50.8,RURAL,Malay (80-89%)
P. 164_N. 54,JOHOR,P. 164,PONTIAN,N. 54,PULAI SEBATANG,34676,60.17,37.62,1.55,0.06,0.08,0.03,0.5,,,99.73,0.01,0.25,0.0,14.7,22.5,19.5,18.6,13.9,7.4,2.8,0.5,49.2,50.8,SEMI URBAN,Malay (60-69%)
P. 165_N. 55,JOHOR,P. 165,TANJUNG PIAI,N. 55,PEKAN NANAS,26608,53.36,45.11,1.02,0.06,0.09,0.01,0.35,,,99.89,0.02,0.09,0.0,16.5,22.4,22.1,17.8,11.8,6.7,2.3,0.4,50.1,49.9,SEMI URBAN,Malay (50-59%)
P. 165_N. 56,JOHOR,P. 165,TANJUNG PIAI,N. 56,KUKUP,26920,60.2,38.21,0.99,0.11,0.08,0.01,0.4,,,98.84,0.01,1.15,0.0,15.5,22.3,19.2,19.2,13.4,7.2,2.7,0.6,50.8,49.2,RURAL,Malay (60-69%)
